participant,trial,video,model left,score,F1-Base,F1-Shadow,timing,see_count,see,expertise,normalized_score_mc,normalized_score
P1,1,video-4-segment-3,Random,0.8,0.6667,,411.0,5,"Sidewalk,White Cane,Fence,Driveway(flat),Person with a disability",Expert,-0.1166666666666665,0.4033898305084746
P1,2,video-11-segment-1,GPV-1,0.9,0.931,,351.0,4,"Trash bins,Car,Pole,Person with a disability",Expert,-0.0166666666666666,0.4847457627118645
P1,3,video-14-segment-4,GPV-1@Shadow,0.9,0.8974,0.8941,169.0,4,"Person with a disability,Building,Vegetation,Fence",Expert,-0.0166666666666666,0.4847457627118645
P1,4,video-2-segment-1,GPT4V@Shadow,0.9,0.8762,0.8785,262.0,4,"Sidewalk,Person,Vegetation,Building",Expert,-0.0166666666666666,0.4847457627118645
P1,5,video-4-segment-4,Ground Truth,1.0,1.0,,204.0,4,"Person with a disability,White Cane,Sidewalk,Road",Expert,0.0833333333333333,0.5661016949152543
P1,6,video-11-segment-1,Ground Truth,1.0,1.0,,182.0,4,"Car,Person with a disability,Trash bins,Road",Expert,0.0833333333333333,0.5661016949152543
P1,7,video-4-segment-1,GPV-1,0.8,0.5938,,252.0,4,"Person with a disability,Bus,Fence,Bench",Expert,-0.1166666666666665,0.4033898305084746
P1,8,video-15-segment-3,BLIP,1.0,1.0,,145.0,5,"Person,Car,Road,Vegetation,Building",Expert,0.0833333333333333,0.5661016949152543
P1,9,video-12-segment-4,BLIP,1.0,0.8991,,143.0,4,"Mail box,Tree,Person with a disability,Pedestrian Crossing",Expert,0.0833333333333333,0.5661016949152543
P1,10,video-1-segment-5,GPT4V,1.0,0.9062,,108.0,4,"Motorcycle,Person with a disability,Curb,Car",Expert,0.0833333333333333,0.5661016949152543
P1,11,video-4-segment-4,GPV-1@Shadow,1.0,0.8539,0.8571,103.0,4,"Curb,Vegetation,Person with a disability,Road",Expert,0.0833333333333333,0.5661016949152543
P1,12,video-14-segment-4,GPT4V,0.9,0.8889,,122.0,4,"Person,Person with a disability,Building,Vegetation",Expert,-0.0166666666666666,0.4847457627118645
P1,13,video-14-segment-1,GPT4V@Shadow,0.9,0.8298,0.8298,119.0,4,"Stairs,Person,Road,Fence",Expert,-0.0166666666666666,0.4847457627118645
P1,14,video-1-segment-4,BLIP@shadow,0.8,0.6804,0.6804,283.0,4,"Person with a disability,Vegetation,Fence,Building",Expert,-0.1166666666666665,0.4033898305084746
P1,15,video-6-segment-2,GPV-1,0.9,0.8952,,232.0,4,"Person with a disability,Stairs,Accent Paving,Pillar",Expert,-0.0166666666666666,0.4847457627118645
P1,16,video-3-segment-2,Random,0.8,0.6866,,227.0,4,"Car,Person with a disability,Fence,Road",Expert,-0.1166666666666665,0.4033898305084746
P1,17,video-13-segment-2,BLIP,0.9,0.9159,,116.0,4,"Pole,Person,Car,Road",Expert,-0.0166666666666666,0.4847457627118645
P1,18,video-3-segment-3,GPT4V@Shadow,1.0,0.9639,0.9639,103.0,4,"Curb,Tree,Car,Fence",Expert,0.0833333333333333,0.5661016949152543
P1,19,video-7-segment-2,BLIP@shadow,0.9,0.8148,0.8148,125.0,4,"Person with a disability,Car,Sidewalk,Pole",Expert,-0.0166666666666666,0.4847457627118645
P1,20,video-2-segment-1,BLIP@shadow,0.9,0.8411,0.8411,188.0,4,"Vegetation,Person,Building,Road",Expert,-0.0166666666666666,0.4847457627118645
P1,21,video-13-segment-2,Random,0.8,0.6667,,156.0,4,"Person with a disability,Car,Road,Pole",Expert,-0.1166666666666665,0.4033898305084746
P1,22,video-3-segment-3,Ground Truth,1.0,1.0,,73.0,4,"Car,Person with a disability,Fence,Tree",Expert,0.0833333333333333,0.5661016949152543
P1,23,video-16-segment-3,GPT4V,1.0,0.9333,,113.0,4,"Curb,Person with a disability,Car,Person",Expert,0.0833333333333333,0.5661016949152543
P1,24,video-1-segment-5,GPV-1@Shadow,0.9,0.8537,0.8537,116.0,4,"Motorcycle,Person with a disability,Car,Bicycle",Expert,-0.0166666666666666,0.4847457627118645
P2,1,video-14-segment-4,BLIP@shadow,0.3,0.8172043011,0.82,343.0,5,"Vegetation,Fence,Person with a disability,Person,Building",Non-Expert,-0.2166666666666667,0.3220338983050846
P2,2,video-4-segment-4,GPV-1,0.7,0.6438356164,,283.0,4,"Sloped Driveway,Person with a disability,Vegetation,White Cane",Non-Expert,0.1833333333333332,0.647457627118644
P2,3,video-4-segment-3,GPT4V@Shadow,0.7,0.6326530612,0.6335403727,187.0,5,"Fence,Yard Waste,Pole,Pillar,Person with a disability",Non-Expert,0.1833333333333332,0.647457627118644
P2,4,video-3-segment-2,BLIP,0.8,0.7126436782,,281.0,5,"Car,Road,Maintenance Vehicle,Fence,Person with a disability",Non-Expert,0.2833333333333333,0.728813559322034
P2,5,video-16-segment-3,Ground Truth,0.9,1.0,,216.0,6,"White Cane,Car,Sign Post,Bus Stop,Closed Sidewalk,Mail box",Non-Expert,0.3833333333333333,0.8101694915254237
P2,6,video-7-segment-2,Random,0.5,0.624,,456.0,6,"Road,Accent Paving,Sidewalk,Slopped Curb,White Cane,Car",Non-Expert,-0.0166666666666667,0.4847457627118643
P2,7,video-1-segment-5,GPV-1@Shadow,0.3,0.7111111111,0.7102803738,302.0,5,"Car,White Cane,Uneven Stairs,Bicycle,Person with a disability",Non-Expert,-0.2166666666666667,0.3220338983050846
P2,8,video-15-segment-3,BLIP,0.5,0.9448818898,,416.0,7,"Vegetation,Person,Car,Building,Bicycle,Motorcycle,Wet surface",Non-Expert,-0.0166666666666667,0.4847457627118643
P2,9,video-4-segment-1,BLIP,0.8,0.737704918,,136.0,7,"Bus,Person,Trash on roads,Road Divider,Accent Paving,Bench,Fence",Non-Expert,0.2833333333333333,0.728813559322034
P2,10,video-11-segment-1,GPV-1,0.8,0.8630136986,,145.0,6,"Car,Road,Parallel Parking Spot,Unpaved Road,Bus,Trash bins",Non-Expert,0.2833333333333333,0.728813559322034
P2,11,video-3-segment-3,GPT4V,0.6,0.7976190476,,150.0,6,"Car,Barrier Post,Sidewalk,Person with a disability,Fence,Vegetation",Non-Expert,0.0833333333333332,0.5661016949152542
P2,12,video-4-segment-3,GPV-1@Shadow,0.5,0.6616541353,0.6625766871,113.0,5,"Pole,Person with a disability,Tactile Paving,Street Vendor,White Cane",Non-Expert,-0.0166666666666667,0.4847457627118643
P2,13,video-3-segment-2,GPT4V,0.2,0.5319148936,,107.0,7,"Puddle,Parallel Parking Spot,Wet surface,Car,Fence,Person with a disability,White Cane",Non-Expert,-0.3166666666666667,0.2406779661016948
P2,14,video-4-segment-1,GPT4V@Shadow,0.4,0.7741935484,0.7719298246,154.0,5,"Person with a disability,Road,Bench,Bus,Trash on roads",Non-Expert,-0.1166666666666667,0.4033898305084745
P2,15,video-1-segment-4,GPV-1,0.5,0.7407407407,,116.0,6,"Road,Tree,Bicycle,Person with a disability,White Cane,Gate",Non-Expert,-0.0166666666666667,0.4847457627118643
P2,16,video-1-segment-5,Random,0.7,0.5773195876,,103.0,6,"Bicycle,Car,Roadside Parking,Uneven Stairs,White Cane,Motorcycle",Non-Expert,0.1833333333333332,0.647457627118644
P2,17,video-14-segment-1,BLIP@shadow,0.4,0.8827586207,0.8843537415,98.0,6,"Tree,Vegetation,Tactile Paving,Person with a disability,Stairs,Car",Non-Expert,-0.1166666666666667,0.4033898305084745
P2,18,video-2-segment-1,Ground Truth,0.9,1.0,,114.0,5,"Person,Lamp Post,Bicycle,Vegetation,Car",Non-Expert,0.3833333333333333,0.8101694915254237
P2,19,video-14-segment-4,GPV-1@Shadow,0.2,0.8974358974,0.8941176471,57.0,4,"Person with a disability,Fence,Vegetation,Building",Non-Expert,-0.3166666666666667,0.2406779661016948
P2,20,video-11-segment-1,GPT4V@Shadow,0.2,0.7833333333,0.782122905,77.0,6,"Vegetation,Building,Motorcycle,Trash bins,Person with a disability,Bus",Non-Expert,-0.3166666666666667,0.2406779661016948
P2,21,video-6-segment-2,Random,0.3,0.6021505376,,214.0,4,"Person with a disability,White Cane,Tactile Paving,Stairs",Non-Expert,-0.2166666666666667,0.3220338983050846
P2,22,video-13-segment-2,GPT4V,0.5,0.8977272727,,128.0,5,"Traffic Signals,Pole,Stop sign,Car,Person with a disability",Non-Expert,-0.0166666666666667,0.4847457627118643
P2,23,video-6-segment-2,BLIP@shadow,0.1,0.5142857143,0.5148514851,65.0,8,"Person with a disability,Retaining Wall,Pillar,White Cane,Stairs,Tactile Paving,Car,Bicycle",Non-Expert,-0.4166666666666667,0.159322033898305
P2,24,video-13-segment-2,Ground Truth,0.6,1.0,,108.0,5,"Building,Person with a disability,Traffic Signals,Car,Pedestrian Crossing",Non-Expert,0.0833333333333332,0.5661016949152542
P3,1,video-1-segment-5,BLIP@shadow,0.9,0.9791666667,0.98,552.0,4,"Person with a disability,Sidewalk,Bicycle,White Cane",Non-Expert,0.3333333333333332,0.7694915254237288
P3,2,video-4-segment-4,GPT4V,0.4,0.7975460123,,492.0,4,"Slopped Curb,White Cane,Sidewalk,Person with a disability",Non-Expert,-0.1666666666666667,0.3627118644067796
P3,3,video-3-segment-3,GPV-1@Shadow,0.4,0.6666666667,0.6666666667,402.0,4,"Gate,White Cane,Car,Sidewalk",Non-Expert,-0.1666666666666667,0.3627118644067796
P3,4,video-7-segment-2,GPT4V@Shadow,0.4,0.8793103448,0.8760330579,410.0,4,"White Cane,Person with a disability,Sidewalk,Person",Non-Expert,-0.1666666666666667,0.3627118644067796
P3,5,video-3-segment-3,BLIP,0.5,0.635193133,,166.0,4,"Fence,Sidewalk,Person with a disability,White Cane",Non-Expert,-0.0666666666666667,0.4440677966101694
P3,6,video-4-segment-3,Ground Truth,0.7,1.0,,135.0,4,"Person with a disability,Fence,White Cane,Pillar",Non-Expert,0.1333333333333332,0.606779661016949
P3,7,video-4-segment-1,GPV-1,0.5,0.7142857143,,257.0,4,"Bus,Fence,Person with a disability,White Cane",Non-Expert,-0.0666666666666667,0.4440677966101694
P3,8,video-15-segment-3,GPT4V,1.0,0.9523809524,,104.0,4,"White Cane,Car,Closed Sidewalk,Person",Non-Expert,0.4333333333333332,0.8508474576271187
P3,9,video-14-segment-1,GPT4V,0.8,0.8,,114.0,4,"Vegetation,Roadside Parking,White Cane,Stairs",Non-Expert,0.2333333333333332,0.688135593220339
P3,10,video-14-segment-4,BLIP@shadow,0.7,0.8205128205,0.825,106.0,4,"Person,White Cane,Person with a disability,Building",Non-Expert,0.1333333333333332,0.606779661016949
P3,11,video-14-segment-1,Ground Truth,1.0,1.0,,104.0,4,"Roadside Parking,White Cane,Person with a disability,Stairs",Non-Expert,0.4333333333333332,0.8508474576271187
P3,12,video-12-segment-4,BLIP,0.8,0.9367088608,,82.0,4,"White Cane,Pedestrian Crossing,Person with a disability,Building",Non-Expert,0.2333333333333332,0.688135593220339
P3,13,video-1-segment-4,BLIP,0.7,0.7943262411,,98.0,4,"Gate,Person with a disability,White Cane,Bicycle",Non-Expert,0.1333333333333332,0.606779661016949
P3,14,video-2-segment-1,GPV-1,0.7,0.780952381,,118.0,4,"Vegetation,White Cane,Tree,Person with a disability",Non-Expert,0.1333333333333332,0.606779661016949
P3,15,video-4-segment-4,GPT4V@Shadow,0.3,0.6346153846,0.6354166667,107.0,4,"Person with a disability,White Cane,Slopped Curb,Tree",Non-Expert,-0.2666666666666668,0.2813559322033897
P3,16,video-4-segment-3,GPV-1@Shadow,0.5,0.8275862069,0.8266666667,71.0,4,"Fence,Person with a disability,Pole,White Cane",Non-Expert,-0.0666666666666667,0.4440677966101694
P3,17,video-15-segment-3,Random,0.1,0.4179104478,,72.0,4,"Person with a disability,Car,White Cane,Road",Non-Expert,-0.4666666666666668,0.11864406779661
P3,18,video-1-segment-4,Random,0.1,0.3469387755,,123.0,4,"Bicycle,Person with a disability,Fence,White Cane",Non-Expert,-0.4666666666666668,0.11864406779661
P3,19,video-6-segment-2,GPV-1,0.6,0.8524590164,,78.0,4,"Person with a disability,Stairs,Pillar,White Cane",Non-Expert,0.0333333333333332,0.5254237288135593
P3,20,video-7-segment-2,Random,0.4,0.7021276596,,90.0,4,"Building,Person with a disability,White Cane,Person",Non-Expert,-0.1666666666666667,0.3627118644067796
P3,21,video-11-segment-1,GPT4V@Shadow,0.3,0.5217391304,0.523364486,124.0,4,"Trash bins,White Cane,Person with a disability,Tree",Non-Expert,-0.2666666666666668,0.2813559322033897
P3,22,video-3-segment-2,Ground Truth,0.7,1.0,,61.0,4,"Car,Fence,Person with a disability,White Cane",Non-Expert,0.1333333333333332,0.606779661016949
P3,23,video-6-segment-2,BLIP@shadow,0.5,0.6095238095,0.6111111111,128.0,4,"White Cane,Pillar,Stairs,Person with a disability",Non-Expert,-0.0666666666666667,0.4440677966101694
P3,24,video-1-segment-5,GPV-1@Shadow,0.6,0.8936170213,0.8910891089,72.0,4,"Person with a disability,Bicycle,White Cane,Sidewalk",Non-Expert,0.0333333333333332,0.5254237288135593
P4,1,video-4-segment-4,Random,0.1,0.6666666667,,262.0,4,"Person,Road,White Cane,Sidewalk",Expert,-0.35,0.2135593220338983
P4,2,video-1-segment-5,GPV-1,0.6,0.75,,202.0,6,"Stairs,Sidewalk,Car,Building,Crosswalk,Motorcycle",Expert,0.15,0.6203389830508474
P4,3,video-4-segment-1,GPT4V,0.8,0.7058823529,,286.0,5,"Trash on roads,Vegetation,Bus,Trash bins,Car",Expert,0.3500000000000001,0.7830508474576272
P4,4,video-4-segment-3,Ground Truth,1.0,1.0,,217.0,5,"Person with a disability,Vegetation,Mail box,White Cane,Pole",Expert,0.55,0.945762711864407
P4,5,video-6-segment-2,GPV-1@Shadow,0.0,0.8734177215,0.8727272727,163.0,5,"Pillar,Person with a disability,Stairs,Accent Paving,Railing",Expert,-0.4499999999999999,0.1322033898305084
P4,6,video-15-segment-3,BLIP@shadow,0.6,0.9677419355,0.9696969697,335.0,5,"Bicycle,Wall,Vegetation,Car,Tree",Expert,0.15,0.6203389830508474
P4,7,video-7-segment-2,Random,0.1,0.6101694915,,244.0,6,"White Cane,Accent Paving,Car,Road,Person,Vegetation",Expert,-0.35,0.2135593220338983
P4,8,video-14-segment-4,GPT4V,0.7,0.7837837838,,248.0,5,"Bench,Fence,Building,Person with a disability,Vegetation",Expert,0.25,0.7016949152542373
P4,9,video-3-segment-2,GPV-1,0.1,0.8705882353,,107.0,4,"Person with a disability,Car,Sidewalk,Fence",Expert,-0.35,0.2135593220338983
P4,10,video-11-segment-1,GPT4V@Shadow,0.8,0.9801324503,0.9803921569,135.0,5,"Road,Trash bins,Person,Car,Push button",Expert,0.3500000000000001,0.7830508474576272
P4,11,video-15-segment-3,BLIP,0.3,0.9448818898,,191.0,6,"Car,Bicycle,Person with a disability,Vegetation,Tree,Road",Expert,-0.1499999999999999,0.376271186440678
P4,12,video-2-segment-1,BLIP@shadow,0.6,0.8435013263,0.8441247002,185.0,6,"Person,Crosswalk,Building,Vegetation,Car,Tree",Expert,0.15,0.6203389830508474
P4,13,video-3-segment-2,BLIP@shadow,0.1,0.8316831683,0.8349514563,150.0,5,"Car,Person with a disability,Fence,Sidewalk,Road",Expert,-0.35,0.2135593220338983
P4,14,video-11-segment-1,BLIP,0.8,0.9839572193,,147.0,6,"Building,Bus,Car,Trash bins,Road,Person",Expert,0.3500000000000001,0.7830508474576272
P4,15,video-1-segment-4,Ground Truth,0.9,1.0,,145.0,6,"Gate,Person with a disability,Car,Bicycle,Building,Vegetation",Expert,0.45,0.8644067796610171
P4,16,video-1-segment-5,Random,0.0,0.5853658537,,82.0,5,"Car,Stairs,Barrier Post,Motorcycle,Person with a disability",Expert,-0.4499999999999999,0.1322033898305084
P4,17,video-4-segment-3,Ground Truth,0.9,1.0,,78.0,6,"Person with a disability,Sidewalk,Pole,Fence,Vegetation,White Cane",Expert,0.45,0.8644067796610171
P4,18,video-12-segment-4,GPV-1@Shadow,0.0,0.8266666667,0.8278688525,80.0,6,"Building,Fence,Crosswalk,Person,Car,Tree",Expert,-0.4499999999999999,0.1322033898305084
P4,19,video-6-segment-2,GPV-1@Shadow,0.0,0.8441558442,0.8466257669,65.0,5,"Person with a disability,Stairs,Railing,White Cane,Pillar",Expert,-0.4499999999999999,0.1322033898305084
P4,20,video-16-segment-3,GPV-1,0.9,0.9387755102,,121.0,5,"Pole,Car,Building,Sign,Bicycle",Expert,0.45,0.8644067796610171
P4,21,video-13-segment-2,BLIP,0.7,0.8609865471,,130.0,5,"White Cane,Person with a disability,Traffic Signals,Car,Pole",Expert,0.25,0.7016949152542373
P4,22,video-12-segment-4,GPT4V@Shadow,0.2,0.8638497653,0.8650793651,169.0,6,"Car,Crosswalk,Tree,Fence,Person,Mail box",Expert,-0.2499999999999999,0.2949152542372881
P4,23,video-3-segment-3,GPT4V,0.6,0.9198606272,,94.0,5,"Person,Tree,Car,Vegetation,Fence",Expert,0.15,0.6203389830508474
P4,24,video-4-segment-1,GPT4V@Shadow,0.0,0.8316831683,0.8345323741,63.0,6,"Trash on roads,Fence,Car,Bus,Person with a disability,White Cane",Expert,-0.4499999999999999,0.1322033898305084
P5,1,video-2-segment-1,GPV-1@Shadow,0.2,0.6896551724137931,0.6883116883116883,269.0,9,"Pillar,Tactile Paving,Bicycle,Pole,Elevator,Dog,Person,Sidewalk,Tree",Expert,-0.4124999999999999,0.1627118644067796
P5,2,video-12-segment-4,GPV-1@Shadow,0.8,0.896551724137931,0.896551724137931,209.0,5,"Person,Building,Sidewalk,Person with a disability,Car",Expert,0.1875000000000001,0.6508474576271187
P5,3,video-11-segment-1,Random,0.0,0.4666666666666667,,99.0,8,"Road,White Cane,Bus Stop,Roadside Parking,Counter,Chair,Person,Bus",Expert,-0.6124999999999999,0.0
P5,4,video-3-segment-2,GPV-1@Shadow,0.4,0.6956521739130435,0.6966292134831461,319.0,6,"Vegetation,Puddle,Car,Mail box,Snow,Person with a disability",Expert,-0.2124999999999999,0.3254237288135593
P5,5,video-6-segment-2,GPT4V@Shadow,0.4,0.6041666666666666,0.6037735849056605,127.0,7,"Raised Entryway,White Cane,Person with a disability,Building,Driveway(flat),Train Platform,Stairs",Expert,-0.2124999999999999,0.3254237288135593
P5,6,video-1-segment-5,GPV-1,0.8,0.7387387387387387,,112.0,6,"Curb,Bicycle,Car,Barrier Post,Raised Entryway,Road Divider",Expert,0.1875000000000001,0.6508474576271187
P5,7,video-13-segment-2,GPT4V,0.9,0.8910891089108911,,76.0,7,"Slopped Curb,Person,Person with a disability,Traffic Signals,Escalator,Water Pipes,Car",Expert,0.2875000000000001,0.7322033898305086
P5,8,video-16-segment-3,GPT4V,1.0,0.6837606837606837,,143.0,9,"Bicycle,Gate,Sign,Roadside Parking,Bus,Wet surface,Person,Closed Sidewalk,Building",Expert,0.3875,0.8135593220338984
P5,9,video-3-segment-3,GPT4V@Shadow,0.8,0.7560975609756097,0.7575757575757575,122.0,7,"Stairs,Curb,Trash on roads,Car,Uncontrolled Crossing,Push button,Person with a disability",Expert,0.1875000000000001,0.6508474576271187
P5,10,video-4-segment-3,BLIP,0.8,0.900763358778626,,114.0,6,"Fence,Person,Curb,Sidewalk,Turnstile,Maintenance Vehicle",Expert,0.1875000000000001,0.6508474576271187
P5,11,video-11-segment-1,BLIP@Shadow,0.4,0.7771428571428571,0.7777777777777778,367.0,8,"Push button,Gutter,Building,Curb,Snow,Road Divider,Person,Trash bins",Expert,-0.2124999999999999,0.3254237288135593
P5,12,video-14-segment-1,GPV-1,0.7,0.7236842105263157,,187.0,8,"Vegetation,Person with a disability,Building,Stairs,Barrier Stump,Chair,Railing,Car",Expert,0.0875,0.5694915254237288
P5,13,video-14-segment-4,BLIP@Shadow,0.6,0.5918367346938775,0.5925925925925926,109.0,8,"Slopped Curb,White Cane,Building,Elevator,Trash bins,Barrier Post,Person,Bridge",Expert,-0.0124999999999999,0.488135593220339
P5,14,video-12-segment-4,Random,0.0,0.5217391304347826,,45.0,8,"Sign,Parallel Parking Spot,Car,Mail box,Road Divider,Push button,Person,Road",Expert,-0.6124999999999999,0.0
P5,15,video-4-segment-4,BLIP@Shadow,0.5,0.4444444444444445,0.4444444444444445,113.0,8,"Bus Stop,Railing,Sign,Bus,Barrier Post,Accent Paving,Sidewalk,White Cane",Expert,-0.1124999999999999,0.4067796610169492
P5,16,video-15-segment-3,Ground Truth,0.9,1.0,,110.0,8,"Car,Person with a disability,Puddle,Accent Paving,Water leakage,Fountain,Person,Building",Expert,0.2875000000000001,0.7322033898305086
P5,17,video-4-segment-1,GPT4V@Shadow,0.9,0.8301886792452831,0.8363636363636363,78.0,7,"Railing,Person,Bus Stop,Paratransit vehicle,Barrier Post,Road Shoulder,Bus",Expert,0.2875000000000001,0.7322033898305086
P5,18,video-1-segment-4,BLIP,0.6,0.7486033519553073,,124.0,9,"Gate,Lamp Post,Railing,Road Shoulder,Wheelchair,Chair,Person,Building,Road",Expert,-0.0124999999999999,0.488135593220339
P5,19,video-15-segment-3,GPV-1,0.6,0.7310344827586206,,105.0,8,"Slopped Curb,Gate,Sloped Driveway,Tree,Train Platform,Wheelchair,Person,Car",Expert,-0.0124999999999999,0.488135593220339
P5,20,video-4-segment-4,Ground Truth,0.9,1.0,,71.0,8,"Road,Curb,Lamp Post,Person with a disability,Table,Turnstile,Building,White Cane",Expert,0.2875000000000001,0.7322033898305086
P5,21,video-14-segment-1,GPT4V,0.6,0.8311688311688312,,146.0,9,"Bench,Sidewalk,Stairs,Building,Pillar,Pedestrian Crossing,Person,Car,Vegetation",Expert,-0.0124999999999999,0.488135593220339
P5,22,video-6-segment-2,Ground Truth,0.9,1.0,,85.0,8,"Retaining Wall,Railing,Road,Building,Uneven Stairs,Fire hydrant,Person,White Cane",Expert,0.2875000000000001,0.7322033898305086
P5,23,video-4-segment-3,Random,0.1,0.567741935483871,,56.0,8,"Vegetation,Sidewalk,Pole,White Cane,Accent Paving,Escalator,Person,Road",Expert,-0.5125,0.0813559322033898
P5,24,video-7-segment-2,BLIP,0.9,0.7166666666666668,,59.0,8,"White Cane,Person with a disability,Parallel Parking Spot,Sign,Street Vendor,Bridge,Building,Person",Expert,0.2875000000000001,0.7322033898305086
P6,1,video-4-segment-1,BLIP,0.7,0.8461538461538461,,367.0,6,"Person,White Cane,Bus,Person with a disability,Trash bins,Bench",Non-Expert,-0.0333333333333334,0.471186440677966
P6,2,video-14-segment-4,GPV-1@Shadow,0.8,0.7777777777777777,0.7755102040816326,307.0,5,"Person,Person with a disability,White Cane,Building,Railing",Non-Expert,0.0666666666666666,0.5525423728813559
P6,3,video-1-segment-4,BLIP@Shadow,0.9,0.7862068965517242,0.7848101265822784,92.0,6,"Pillar,Person,Bicycle,White Cane,Person with a disability,Gate",Non-Expert,0.1666666666666666,0.6338983050847458
P6,4,video-16-segment-3,GPV-1,0.9,0.923076923076923,,260.0,6,"Person,Person with a disability,White Cane,Closed Sidewalk,Car,Building",Non-Expert,0.1666666666666666,0.6338983050847458
P6,5,video-14-segment-1,Random,0.6,0.673469387755102,,113.0,5,"Building,Road,Sidewalk,Person with a disability,White Cane",Non-Expert,-0.1333333333333334,0.3898305084745762
P6,6,video-4-segment-4,BLIP@Shadow,0.7,0.8285714285714285,0.8292682926829269,247.0,3,"Person with a disability,White Cane,Sidewalk",Non-Expert,-0.0333333333333334,0.471186440677966
P6,7,video-11-segment-1,Ground Truth,0.9,1.0,,91.0,5,"Trash bins,Car,Person,Person with a disability,White Cane",Non-Expert,0.1666666666666666,0.6338983050847458
P6,8,video-14-segment-4,GPV-1,0.8,0.7777777777777777,,280.0,5,"White Cane,Person with a disability,Person,Railing,Building",Non-Expert,0.0666666666666666,0.5525423728813559
P6,9,video-14-segment-1,GPV-1@Shadow,1.0,0.9545454545454544,0.9577464788732396,44.0,5,"Person with a disability,White Cane,Person,Road,Car",Non-Expert,0.2666666666666666,0.7152542372881355
P6,10,video-1-segment-5,Random,0.7,0.6593406593406593,,111.0,5,"Barrier Post,Person with a disability,White Cane,Motorcycle,Bicycle",Non-Expert,-0.0333333333333334,0.471186440677966
P6,11,video-13-segment-2,Ground Truth,0.6,1.0,,199.0,5,"Person with a disability,White Cane,Person,Curb,Pole",Non-Expert,-0.1333333333333334,0.3898305084745762
P6,12,video-3-segment-2,GPV-1@Shadow,0.8,0.6666666666666667,0.6666666666666665,61.0,4,"Car,Person with a disability,White Cane,Railing",Non-Expert,0.0666666666666666,0.5525423728813559
P6,13,video-13-segment-2,BLIP@Shadow,0.7,0.7599999999999999,0.7572815533980584,157.0,4,"Pole,Sidewalk,White Cane,Building",Non-Expert,-0.0333333333333334,0.471186440677966
P6,14,video-16-segment-3,GPT4V,0.9,0.8888888888888888,,64.0,5,"Closed Sidewalk,Person with a disability,White Cane,Person,Car",Non-Expert,0.1666666666666666,0.6338983050847458
P6,15,video-6-segment-2,BLIP,0.2,0.7021276595744681,,68.0,4,"Railing,White Cane,Stairs,Person with a disability",Non-Expert,-0.5333333333333334,0.0644067796610168
P6,16,video-12-segment-4,GPT4V@Shadow,0.8,0.91156462585034,0.91156462585034,83.0,5,"Building,White Cane,Person,Person with a disability,Crosswalk",Non-Expert,0.0666666666666666,0.5525423728813559
P6,17,video-4-segment-3,GPV-1,0.8,0.8363636363636364,,125.0,4,"Sidewalk,Person with a disability,White Cane,Pole",Non-Expert,0.0666666666666666,0.5525423728813559
P6,18,video-3-segment-2,BLIP,0.7,0.7692307692307693,,58.0,3,"Car,Person with a disability,White Cane",Non-Expert,-0.0333333333333334,0.471186440677966
P6,19,video-7-segment-2,GPT4V,0.8,0.7764705882352942,,89.0,4,"Curb,Car,Person with a disability,White Cane",Non-Expert,0.0666666666666666,0.5525423728813559
P6,20,video-1-segment-4,GPT4V@Shadow,0.8,0.691358024691358,0.6938775510204082,132.0,4,"Gate,Person with a disability,White Cane,Railing",Non-Expert,0.0666666666666666,0.5525423728813559
P6,21,video-4-segment-3,GPT4V,0.5,0.676923076923077,,53.0,3,"White Cane,Person with a disability,Pole",Non-Expert,-0.2333333333333334,0.3084745762711863
P6,22,video-4-segment-1,Random,0.3,0.4788732394366197,,34.0,5,"Fence,White Cane,Pole,Wheelchair,Bus",Non-Expert,-0.4333333333333334,0.1457627118644066
P6,23,video-6-segment-2,Ground Truth,1.0,1.0,,40.0,4,"Person with a disability,White Cane,Railing,Stairs",Non-Expert,0.2666666666666666,0.7152542372881355
P6,24,video-3-segment-3,GPT4V@Shadow,0.7,0.7640449438202247,0.7647058823529411,65.0,4,"Person with a disability,White Cane,Sidewalk,Car",Non-Expert,-0.0333333333333334,0.471186440677966
P7,1,video-14-segment-1,GPV-1,0.8,0.7529411764705882,,132.0,5,"White Cane,Car,Bench,Bus Stop,Yard Waste",Non-Expert,-0.0416666666666667,0.4644067796610169
P7,2,video-13-segment-2,Ground Truth,1.0,1.0,,72.0,5,"Traffic Signals,Pole,Building,Road Divider,Stop sign",Non-Expert,0.1583333333333332,0.6271186440677965
P7,3,video-4-segment-1,GPV-1@Shadow,0.8,0.5542168674698795,,194.0,5,"Fence,Pole,Person with a disability,Wall,Uncontrolled Crossing",Non-Expert,-0.0416666666666667,0.4644067796610169
P7,4,video-3-segment-2,GPT4V@Shadow,0.7,0.48,,212.0,6,"Parallel Parking Spot,Fence,Wet surface,White Cane,Stop sign,Tactile Paving",Non-Expert,-0.1416666666666668,0.3830508474576269
P7,5,video-1-segment-5,Ground Truth,1.0,1.0,,34.0,6,"Road,Motorcycle,Car,Stairs,Wheelchair,Pole",Non-Expert,0.1583333333333332,0.6271186440677965
P7,6,video-11-segment-1,BLIP,0.9,0.6666666666666667,,56.0,5,"Roadside Parking,Lamp Post,White Cane,Person,Trash on roads",Non-Expert,0.0583333333333332,0.5457627118644067
P7,7,video-4-segment-3,GPV-1,0.9,0.7954545454545454,,186.0,5,"Tactile Paving,Fence,Curb,Train Tracks,Fire hydrant",Non-Expert,0.0583333333333332,0.5457627118644067
P7,8,video-14-segment-4,Random,0.7,0.4507042253521127,,127.0,6,"White Cane,Gate,Lamp Post,Wall,Unpaved Sidewalk,Barrier Post",Non-Expert,-0.1416666666666668,0.3830508474576269
P7,9,video-11-segment-1,Random,0.6,0.4329896907216495,,235.0,7,"Trash bins,Pole,White Cane,Puddle,Train Tracks,Tree,Wet surface",Non-Expert,-0.2416666666666668,0.3016949152542371
P7,10,video-16-segment-3,BLIP,1.0,0.8652482269503546,,186.0,9,"Closed Sidewalk,Street Vendor,Sign Post,Wall,Bridge,Tactile Paving,Barrier Post,Car,White Cane",Non-Expert,0.1583333333333332,0.6271186440677965
P7,11,video-1-segment-4,GPV-1,0.8,0.6194690265486724,,77.0,6,"Pedestrian Crossing,Vegetation,Slopped Curb,Roadside Parking,Uneven Stairs,White Cane",Non-Expert,-0.0416666666666667,0.4644067796610169
P7,12,video-4-segment-3,Ground Truth,1.0,1.0,,52.0,8,"Vegetation,Slopped Curb,Pole,Sidewalk,Snow,Street Vendor,Person with a disability,White Cane",Non-Expert,0.1583333333333332,0.6271186440677965
P7,13,video-4-segment-4,GPT4V,0.8,0.7592592592592593,,100.0,10,"Slopped Curb,Sign,Bus,Curb,Wheelchair,Fountain,Person with a disability,White Cane,Closed Sidewalk,Sidewalk",Non-Expert,-0.0416666666666667,0.4644067796610169
P7,14,video-4-segment-4,BLIP@Shadow,0.8,0.6037735849056604,,61.0,8,"Sign Post,Pole,Person with a disability,White Cane,Uneven Stairs,Wheelchair,Vegetation,Sidewalk",Non-Expert,-0.0416666666666667,0.4644067796610169
P7,15,video-4-segment-1,BLIP,0.8,0.8403361344537814,,36.0,6,"Trash on roads,Trash bins,Person,Car,Tactile Paving,White Cane",Non-Expert,-0.0416666666666667,0.4644067796610169
P7,16,video-13-segment-2,GPT4V,0.9,0.8235294117647058,,67.0,10,"Road Divider,Pedestrian Crossing,Building,Sign,Flush Door,Train Platform,White Cane,Sidewalk,Car,Traffic Signals",Non-Expert,0.0583333333333332,0.5457627118644067
P7,17,video-14-segment-1,Random,0.7,0.437956204379562,,203.0,10,"Car,Bench,Stairs,Road,Water leakage,Escalator,Fence,Road Shoulder,White Cane,Traffic Signals",Non-Expert,-0.1416666666666668,0.3830508474576269
P7,18,video-3-segment-3,GPT4V@Shadow,0.7,0.7226890756302522,,58.0,10,"Person with a disability,Stairs,Vegetation,Gate,Tactile Paving,Water leakage,White Cane,Car,Traffic Signals,Sidewalk",Non-Expert,-0.1416666666666668,0.3830508474576269
P7,19,video-16-segment-3,BLIP@Shadow,0.8,0.8350515463917526,,92.0,12,"Vegetation,Slopped Curb,Pole,Person with a disability,Railing,Accent Paving,White Cane,Sidewalk,Barrier Stump,Closed Sidewalk,Person,Car",Non-Expert,-0.0416666666666667,0.4644067796610169
P7,20,video-3-segment-3,GPV-1@Shadow,0.9,0.6138613861386139,,55.0,11,"White Cane,Curb,Slopped Curb,Gate,Water Pipes,Road Shoulder,Car,Closed Sidewalk,Sidewalk,Escalator,Traffic Signals",Non-Expert,0.0583333333333332,0.5457627118644067
P7,21,video-15-segment-3,GPT4V,1.0,0.7368421052631577,,73.0,11,"Car,Wall,Trash bins,Fence,Bench,Parallel Parking Spot,Sidewalk,White Cane,Person with a disability,Closed Sidewalk,Person",Non-Expert,0.1583333333333332,0.6271186440677965
P7,22,video-2-segment-1,GPV-1@Shadow,0.6,0.5735294117647058,,112.0,11,"Slopped Curb,Bicycle,Motorcycle,Sign,Wet surface,Fence,Person with a disability,Person,Traffic Signals,Car,White Cane",Non-Expert,-0.2416666666666668,0.3016949152542371
P7,23,video-1-segment-5,BLIP@Shadow,1.0,0.8512820512820513,,60.0,9,"Retaining Wall,Road,Stairs,Person,Water Pipes,Road Divider,Sidewalk,Car,White Cane",Non-Expert,0.1583333333333332,0.6271186440677965
P7,24,video-15-segment-3,GPT4V@Shadow,1.0,0.7846153846153846,,34.0,10,"Bicycle,Vegetation,Road Shoulder,Driveway(flat),Bridge,Retaining Wall,Car,Person,Person with a disability,White Cane",Non-Expert,0.1583333333333332,0.6271186440677965
P8,1,video-6-segment-2,Random,0.2,0.4057971014492754,,250.0,5,"Curb,White Cane,Building,Trash bins,Pedestrian Crossing",Non-Expert,-0.1791666666666666,0.3525423728813559
P8,2,video-4-segment-3,GPV-1@Shadow,0.4,0.9044585987261146,0.9028571428571428,190.0,6,"Person with a disability,Curb,Vegetation,Pole,Sidewalk,Car",Non-Expert,0.0208333333333333,0.5152542372881357
P8,3,video-15-segment-3,BLIP@Shadow,0.4,0.7901234567901234,0.7931034482758621,171.0,5,"Fence,Sign,Car,White Cane,Road",Non-Expert,0.0208333333333333,0.5152542372881357
P8,4,video-1-segment-4,GPV-1,0.2,0.7173913043478262,,172.0,6,"Vegetation,Pole,Bicycle,Bus Stop,Bench,White Cane",Non-Expert,-0.1791666666666666,0.3525423728813559
P8,5,video-15-segment-3,Random,0.1,0.5631067961165048,,79.0,5,"Person with a disability,Tree,Person,Car,Road",Non-Expert,-0.2791666666666667,0.2711864406779661
P8,6,video-3-segment-2,GPT4V@Shadow,0.4,0.782608695652174,0.780952380952381,127.0,6,"Curb,White Cane,Bicycle,Car,Fence,Bus Stop",Non-Expert,0.0208333333333333,0.5152542372881357
P8,7,video-1-segment-5,GPT4V,0.9,0.9565217391304348,,77.0,6,"Sidewalk,Bicycle,Traffic Signals,Motorcycle,White Cane,Car",Non-Expert,0.5208333333333334,0.9220338983050848
P8,8,video-2-segment-1,Random,0.1,0.2592592592592592,,103.0,5,"Pillar,Bridge,Fountain,White Cane,Car",Non-Expert,-0.2791666666666667,0.2711864406779661
P8,9,video-11-segment-1,GPT4V,0.6,0.838095238095238,,113.0,6,"Trash bins,Bus,White Cane,Car,Sign Post,Bicycle",Non-Expert,0.2208333333333333,0.6779661016949152
P8,10,video-3-segment-3,BLIP,0.4,0.796116504854369,,94.0,5,"Fence,Person with a disability,Car,Tree,Road",Non-Expert,0.0208333333333333,0.5152542372881357
P8,11,video-16-segment-3,Ground Truth,0.9,1.0,,158.0,6,"Parallel Parking Spot,Pole,Closed Sidewalk,Person with a disability,Trash bins,White Cane",Non-Expert,0.5208333333333334,0.9220338983050848
P8,12,video-4-segment-4,GPV-1,0.2,0.3265306122448979,,86.0,5,"Stairs,Puddle,White Cane,Car,Vegetation",Non-Expert,-0.1791666666666666,0.3525423728813559
P8,13,video-14-segment-1,GPT4V,0.3,0.8842105263157894,,99.0,5,"Person with a disability,Railing,Bus,Car,Stairs",Non-Expert,-0.0791666666666666,0.4338983050847457
P8,14,video-14-segment-4,GPV-1@Shadow,0.5,0.7164179104477612,0.72,188.0,5,"Pole,Person with a disability,Railing,Sidewalk,Car",Non-Expert,0.1208333333333333,0.5966101694915255
P8,15,video-3-segment-3,GPV-1@Shadow,0.6,0.8983050847457628,0.900763358778626,148.0,6,"Wall,Person with a disability,Car,Road,Tree,Fence",Non-Expert,0.2208333333333333,0.6779661016949152
P8,16,video-4-segment-1,BLIP@Shadow,0.7,0.8799999999999999,0.8828828828828829,265.0,6,"Vegetation,Bus,Tree,White Cane,Car,Sidewalk",Non-Expert,0.3208333333333333,0.7593220338983051
P8,17,video-11-segment-1,Ground Truth,0.6,1.0,,216.0,8,"Pedestrian Crossing,Bus,Lamp Post,Person with a disability,Trash bins,Bicycle,Tree,Car",Non-Expert,0.2208333333333333,0.6779661016949152
P8,18,video-16-segment-3,GPT4V@Shadow,0.1,0.7173913043478262,0.7175572519083969,79.0,7,"Pole,Sign,Barrier Post,Closed Sidewalk,Sloped Driveway,Fence,Lamp Post",Non-Expert,-0.2791666666666667,0.2711864406779661
P8,19,video-6-segment-2,BLIP,0.0,0.6956521739130435,,60.0,5,"Wall,Railing,White Cane,Person with a disability,Car",Non-Expert,-0.3791666666666666,0.1898305084745762
P8,20,video-2-segment-1,GPV-1,0.3,0.6857142857142856,,95.0,6,"Sign,Car,Person with a disability,Person,White Cane,Street Vendor",Non-Expert,-0.0791666666666666,0.4338983050847457
P8,21,video-3-segment-2,Ground Truth,0.9,1.0,,230.0,7,"Person with a disability,Car,Railing,Fence,Tree,White Cane,Person",Non-Expert,0.5208333333333334,0.9220338983050848
P8,22,video-14-segment-4,BLIP,0.0,0.8433734939759036,,94.0,5,"Person with a disability,Person,White Cane,Car,Fence",Non-Expert,-0.3791666666666666,0.1898305084745762
P8,23,video-4-segment-3,BLIP@Shadow,0.0,0.7692307692307692,0.7669172932330827,106.0,6,"Person,Motorcycle,White Cane,Person with a disability,Car,Snow",Non-Expert,-0.3791666666666666,0.1898305084745762
P8,24,video-1-segment-4,GPT4V@Shadow,0.3,0.8076923076923077,0.8053691275167786,113.0,6,"Person,Pole,Person with a disability,White Cane,Snow,Car",Non-Expert,-0.0791666666666666,0.4338983050847457
P9,1,video-14-segment-4,BLIP,0.6,0.5882352941176471,,301.0,6,"Vegetation,Elevator,Wall,Curb,Trash bins,Puddle",Non-Expert,0.0333333333333332,0.5254237288135593
P9,2,video-4-segment-3,BLIP,0.8,0.6086956521739131,,241.0,6,"Person with a disability,Curb,Tactile Paving,Vegetation,Mail box,Sloped Driveway",Non-Expert,0.2333333333333332,0.688135593220339
P9,3,video-1-segment-4,GPT4V@Shadow,0.8,0.696969696969697,0.6981132075471698,352.0,6,"Pedestrian Crossing,Person with a disability,Lamp Post,Gate,Counter,Driveway(flat)",Non-Expert,0.2333333333333332,0.688135593220339
P9,4,video-2-segment-1,GPV-1@Shadow,0.1,0.2142857142857143,0.2135922330097087,70.0,6,"Maintenance Vehicle,Barrier Stump,Traffic Signals,Crosswalk,Wet surface,Table",Non-Expert,-0.4666666666666668,0.11864406779661
P9,5,video-14-segment-1,Ground Truth,0.9,1.0,,180.0,6,"Sidewalk,Retaining Wall,Bench,Car,Stairs,Railing",Non-Expert,0.3333333333333332,0.7694915254237288
P9,6,video-15-segment-3,GPV-1,0.7,0.8346456692913387,,313.0,6,"Sloped Driveway,Tree,Wall,Road,Fire hydrant,Car",Non-Expert,0.1333333333333332,0.606779661016949
P9,7,video-11-segment-1,Ground Truth,1.0,1.0,,105.0,6,"Push button,Gutter,Building,Snow,Road Divider,Car",Non-Expert,0.4333333333333332,0.8508474576271187
P9,8,video-7-segment-2,GPV-1@Shadow,0.6,0.6301369863013698,0.6292134831460674,327.0,5,"Car,Roadside Parking,Sign,Person with a disability,Barrier Stump",Non-Expert,0.0333333333333332,0.5254237288135593
P9,9,video-14-segment-4,GPT4V@Shadow,0.1,0.4864864864864865,0.4842105263157894,94.0,6,"Lamp Post,Elevator,White Cane,Road,Wheelchair,Flush Door",Non-Expert,-0.4666666666666668,0.11864406779661
P9,10,video-1-segment-5,Random,0.5,0.4827586206896552,,229.0,6,"Stairs,White Cane,Roadside Parking,Railing,Lamp Post,Motorcycle",Non-Expert,-0.0666666666666667,0.4440677966101694
P9,11,video-14-segment-1,GPT4V,0.5,0.7560975609756098,,86.0,6,"Building,Accent Paving,Railing,Person,Closed Sidewalk,Gate",Non-Expert,-0.0666666666666667,0.4440677966101694
P9,12,video-16-segment-3,GPT4V,0.3,0.7659574468085107,,244.0,6,"Traffic Signals,Person,Vegetation,Road,Bench,Closed Sidewalk",Non-Expert,-0.2666666666666668,0.2813559322033897
P9,13,video-4-segment-1,GPT4V,0.7,0.7560975609756098,,84.0,6,"Bench,Person with a disability,Building,Person,Dog,Uneven Stairs",Non-Expert,0.1333333333333332,0.606779661016949
P9,14,video-16-segment-3,Random,0.7,0.619718309859155,,187.0,6,"Closed Sidewalk,Roadside Parking,Barrier Post,White Cane,Unpaved Road,Railing",Non-Expert,0.1333333333333332,0.606779661016949
P9,15,video-4-segment-3,GPV-1,0.8,0.6990291262135923,,108.0,6,"Slopped Curb,Sidewalk,Yard Waste,White Cane,Maintenance Vehicle,Escalator",Non-Expert,0.2333333333333332,0.688135593220339
P9,16,video-6-segment-2,GPT4V@Shadow,0.0,0.5714285714285714,0.5737704918032787,46.0,6,"Accent Paving,Curb,Stairs,Pillar,Bicycle,Train Tracks",Non-Expert,-0.5666666666666668,0.0372881355932202
P9,17,video-12-segment-4,BLIP@Shadow,0.9,0.758169934640523,0.758169934640523,126.0,6,"Person with a disability,Curb,Person,Pole,Accent Paving,Unpaved Sidewalk",Non-Expert,0.3333333333333332,0.7694915254237288
P9,18,video-4-segment-1,Random,0.5,0.48,,132.0,6,"Person,Railing,White Cane,Bus Stop,Foldout Sign,Barrier Post",Non-Expert,-0.0666666666666667,0.4440677966101694
P9,19,video-6-segment-2,GPV-1@Shadow,0.3,0.6129032258064516,0.6106870229007634,95.0,6,"Wall,Sidewalk,Person with a disability,Pillar,Pole,Escalator",Non-Expert,-0.2666666666666668,0.2813559322033897
P9,20,video-3-segment-2,BLIP@Shadow,0.4,0.6666666666666667,0.6666666666666666,66.0,6,"Road,White Cane,Sidewalk,Pole,Maintenance Vehicle,Water Pipes",Non-Expert,-0.1666666666666667,0.3627118644067796
P9,21,video-4-segment-4,BLIP,0.6,0.7272727272727273,,67.0,6,"Railing,White Cane,Person,Curb,Driveway(flat),Trash bins",Non-Expert,0.0333333333333332,0.5254237288135593
P9,22,video-7-segment-2,Ground Truth,0.9,1.0,,51.0,6,"Sidewalk,Road,Wall,Slopped Curb,Hose,Bridge",Non-Expert,0.3333333333333332,0.7694915254237288
P9,23,video-2-segment-1,GPV-1,0.2,0.2028985507246376,,47.0,6,"Traffic Signals,Crosswalk,Sign Post,Pillar,Push button,Table",Non-Expert,-0.3666666666666667,0.1999999999999999
P9,24,video-11-segment-1,BLIP@Shadow,0.7,0.8120300751879699,0.8108108108108109,65.0,6,"Accent Paving,Car,Road,Curb,Hose,Unpaved Road",Non-Expert,0.1333333333333332,0.606779661016949
P10,1,video-13-segment-2,GPV-1@Shadow,0.1,0.6881720430107527,0.6887417218543047,212.0,7,"White Cane,Curb,Pole,Car,Bridge,Trash bins,Bicycle",Non-Expert,-0.3375,0.2237288135593219
P10,2,video-6-segment-2,Random,0.3,0.380952380952381,,152.0,6,"Pillar,Building,Person with a disability,Railing,Wet surface,Paratransit vehicle",Non-Expert,-0.1375,0.3864406779661016
P10,3,video-12-segment-4,BLIP@Shadow,0.9,0.984126984126984,0.9846153846153848,165.0,6,"Crosswalk,Tree,Person,White Cane,Paratransit vehicle,Barrier Stump",Non-Expert,0.4625,0.8745762711864408
P10,4,video-1-segment-5,Ground Truth,1.0,1.0,,175.0,6,"Car,Roadside Parking,Gutter,Curb,Road Shoulder,Turnstile",Non-Expert,0.5625,0.9559322033898304
P10,5,video-4-segment-4,GPT4V@Shadow,0.4,0.7272727272727273,0.7272727272727273,269.0,7,"Sidewalk,Bus Stop,Pole,Stairs,Gutter,Raised Entryway,Tree",Non-Expert,-0.0374999999999999,0.4677966101694915
P10,6,video-7-segment-2,Random,0.1,0.6099290780141844,,134.0,8,"Vegetation,Tactile Paving,Curb,Sidewalk,Yard Waste,Puddle,Building,Person",Non-Expert,-0.3375,0.2237288135593219
P10,7,video-4-segment-3,GPT4V,0.7,0.7154471544715447,,303.0,8,"Person with a disability,Tactile Paving,Vegetation,Fence,Escalator,Elevator,Person,White Cane",Non-Expert,0.2624999999999999,0.711864406779661
P10,8,video-11-segment-1,BLIP@Shadow,0.3,0.6,0.6,189.0,7,"Push button,Crosswalk,Curb,Person,Slopped Curb,Counter,Bus",Non-Expert,-0.1375,0.3864406779661016
P10,9,video-13-segment-2,Ground Truth,0.9,1.0,,109.0,8,"Building,Traffic Signals,Pedestrian Crossing,Car,Fountain,Gutter,Pole,White Cane",Non-Expert,0.4625,0.8745762711864408
P10,10,video-4-segment-1,GPT4V@Shadow,0.5,0.8392857142857143,0.8400000000000001,248.0,9,"Bench,Person,Railing,Vegetation,Closed Sidewalk,Foldout Sign,Fence,White Cane,Bus",Non-Expert,0.0625,0.5491525423728814
P10,11,video-4-segment-3,GPV-1,0.2,0.6766917293233082,,98.0,7,"Pole,Fence,Person with a disability,Yard Waste,Barrier Post,Puddle,White Cane",Non-Expert,-0.2375,0.3050847457627118
P10,12,video-14-segment-1,Ground Truth,1.0,1.0,,109.0,8,"Sidewalk,Retaining Wall,Bench,Car,Barrier Stump,Push button,Person with a disability,White Cane",Non-Expert,0.5625,0.9559322033898304
P10,13,video-16-segment-3,GPV-1,0.6,0.8714285714285713,,283.0,9,"Bicycle,Gate,Sign,Roadside Parking,Bus,Wet surface,Closed Sidewalk,Car,White Cane",Non-Expert,0.1624999999999999,0.6305084745762712
P10,14,video-16-segment-3,GPT4V,0.4,0.7102803738317757,,158.0,8,"Traffic Signals,Person,Vegetation,Road,Bench,Barrier Stump,Closed Sidewalk,Roadside Parking",Non-Expert,-0.0374999999999999,0.4677966101694915
P10,15,video-3-segment-3,GPV-1,0.1,0.3736263736263736,,94.0,7,"Barrier Post,Person with a disability,Vegetation,Building,Foldout Sign,Counter,Tree",Non-Expert,-0.3375,0.2237288135593219
P10,16,video-3-segment-2,BLIP,0.2,0.613861386138614,,198.0,8,"Wet surface,Fence,Puddle,Car,Unpaved Sidewalk,Gutter,Person with a disability,White Cane",Non-Expert,-0.2375,0.3050847457627118
P10,17,video-2-segment-1,GPV-1@Shadow,0.2,0.5416666666666667,0.5436893203883496,101.0,7,"Accent Paving,Pedestrian Crossing,Crosswalk,Chair,Snow,Trash on roads,Tree",Non-Expert,-0.2375,0.3050847457627118
P10,18,video-14-segment-1,GPT4V@Shadow,0.2,0.8,0.8,98.0,8,"Building,Accent Paving,Railing,Person,Closed Sidewalk,Gate,White Cane,Vegetation",Non-Expert,-0.2375,0.3050847457627118
P10,19,video-1-segment-4,GPV-1@Shadow,0.3,0.6086956521739131,0.608695652173913,138.0,8,"Pole,Bicycle,Person,Tactile Paving,Maintenance Vehicle,Foldout Sign,White Cane,Building",Non-Expert,-0.1375,0.3864406779661016
P10,20,video-15-segment-3,GPT4V,0.8,0.4923076923076923,,206.0,7,"Curb,White Cane,Road Shoulder,Accent Paving,Wheelchair,Uneven Stairs,Car",Non-Expert,0.3625,0.7932203389830509
P10,21,video-4-segment-1,Random,0.1,0.6181818181818182,,91.0,7,"Slopped Curb,Curb,Bench,Sidewalk,Fountain,Flush Door,Person with a disability",Non-Expert,-0.3375,0.2237288135593219
P10,22,video-1-segment-4,BLIP,0.5,0.6391752577319588,,140.0,7,"Road,Sign,Roadside Parking,Slopped Curb,Snow,Elevator,White Cane",Non-Expert,0.0625,0.5491525423728814
P10,23,video-12-segment-4,BLIP,0.6,0.7586206896551725,,309.0,8,"Pole,Crosswalk,Pedestrian Crossing,Wall,Road Divider,Lamp Post,Person with a disability,Car",Non-Expert,0.1624999999999999,0.6305084745762712
P10,24,video-15-segment-3,BLIP@Shadow,0.1,0.5432098765432098,0.5413533834586466,71.0,8,"Sign,Accent Paving,Curb,Fence,Hose,Uneven Stairs,Car,Person with a disability",Non-Expert,-0.3375,0.2237288135593219
P11,1,video-3-segment-2,BLIP,0.9,0.845360824742268,,412.0,6,"Road,Curb,White Cane,Car,Fence,Motorcycle",Expert,0.5166666666666667,0.9186440677966102
P11,2,video-7-segment-2,Ground Truth,0.6,1.0,,352.0,8,"Vegetation,Road,Accent Paving,Sidewalk,Car,White Cane,Wall,Pole",Expert,0.2166666666666666,0.6745762711864407
P11,3,video-4-segment-4,GPT4V,0.9,0.8679245283018867,,244.0,6,"Person,Road,Person with a disability,Railing,Road Divider,Curb",Expert,0.5166666666666667,0.9186440677966102
P11,4,video-4-segment-4,GPV-1,0.2,0.6376811594202899,,68.0,6,"Person,Paratransit vehicle,Lamp Post,White Cane,Yard Waste,Gutter",Expert,-0.1833333333333333,0.3491525423728814
P11,5,video-16-segment-3,GPT4V@Shadow,0.1,0.5238095238095238,0.5225225225225225,87.0,7,"Pole,Traffic Signals,Road Shoulder,Gate,Pedestrian Crossing,Railing,Closed Sidewalk",Expert,-0.2833333333333333,0.2677966101694915
P11,6,video-1-segment-5,GPV-1,0.1,0.6792452830188678,,128.0,8,"Roadside Parking,Gutter,Sidewalk,Building,Puddle,Pole,Barrier Post,White Cane",Expert,-0.2833333333333333,0.2677966101694915
P11,7,video-4-segment-3,Ground Truth,0.9,1.0,,219.0,5,"Slopped Curb,Tactile Paving,Person with a disability,Vegetation,Motorcycle",Expert,0.5166666666666667,0.9186440677966102
P11,8,video-3-segment-2,GPT4V@Shadow,0.2,0.6451612903225806,0.6476190476190476,171.0,6,"Vegetation,Person with a disability,Person,Table,Puddle,Curb",Expert,-0.1833333333333333,0.3491525423728814
P11,9,video-6-segment-2,BLIP,0.3,0.6569343065693432,,137.0,8,"Car,Railing,Road,Wall,Barrier Post,Closed Sidewalk,Stairs,Accent Paving",Expert,-0.0833333333333333,0.4305084745762711
P11,10,video-11-segment-1,GPT4V,0.6,0.8403361344537815,,184.0,7,"Road,Uncontrolled Crossing,Turnstile,Bridge,Trash bins,Person,Bus",Expert,0.2166666666666666,0.6745762711864407
P11,11,video-4-segment-1,GPT4V,0.6,0.7272727272727273,,296.0,8,"Bus Stop,Gutter,Mail box,Bus,White Cane,Curb,Fence,Bench",Expert,0.2166666666666666,0.6745762711864407
P11,12,video-14-segment-1,GPV-1@Shadow,0.2,0.84375,0.8456375838926175,96.0,6,"Tree,Lamp Post,Railing,Stairs,Vegetation,Car",Expert,-0.1833333333333333,0.3491525423728814
P11,13,video-1-segment-4,GPV-1@Shadow,0.1,0.7304347826086957,0.7328244274809159,152.0,6,"Person with a disability,Pole,Bicycle,Trash bins,Maintenance Vehicle,Vegetation",Expert,-0.2833333333333333,0.2677966101694915
P11,14,video-14-segment-4,BLIP,0.2,0.6464646464646465,,130.0,8,"Slopped Curb,Road,Car,Guide dog,Person with a disability,Fence,Building,Vegetation",Expert,-0.1833333333333333,0.3491525423728814
P11,15,video-4-segment-1,Random,0.2,0.4909090909090909,,63.0,8,"Railing,Bench,Person,White Cane,Gate,Closed Sidewalk,Bus,Snow",Expert,-0.1833333333333333,0.3491525423728814
P11,16,video-3-segment-3,BLIP@Shadow,0.2,0.8947368421052632,0.8976377952755905,110.0,6,"Car,Curb,Road,White Cane,Vegetation,Snow",Expert,-0.1833333333333333,0.3491525423728814
P11,17,video-2-segment-1,GPV-1,0.1,0.1538461538461538,,70.0,6,"Barrier Stump,Traffic Signals,Crosswalk,Sign Post,Table,Push button",Expert,-0.2833333333333333,0.2677966101694915
P11,18,video-15-segment-3,Random,0.3,0.5858585858585859,,101.0,5,"Curb,Fence,Car,Wall,Trash on roads",Expert,-0.0833333333333333,0.4305084745762711
P11,19,video-11-segment-1,GPV-1@Shadow,0.2,0.7480916030534351,0.7462686567164178,74.0,7,"Trash bins,Bus,Accent Paving,Pole,Mail box,Counter,Motorcycle",Expert,-0.1833333333333333,0.3491525423728814
P11,20,video-13-segment-2,BLIP@Shadow,0.3,0.7578947368421053,0.7572815533980582,120.0,8,"Building,Pole,Road Divider,Slopped Curb,Hose,Flush Door,Car,Motorcycle",Expert,-0.0833333333333333,0.4305084745762711
P11,21,video-7-segment-2,BLIP@Shadow,0.6,0.7862068965517242,0.7837837837837839,148.0,8,"White Cane,Sign,Road,Accent Paving,Closed Sidewalk,Railing,Tactile Paving,Pole",Expert,0.2166666666666666,0.6745762711864407
P11,22,video-12-segment-4,Ground Truth,1.0,1.0,,187.0,8,"Pole,Building,Pedestrian Crossing,Maintenance Vehicle,Car,Mail box,Sign Post,Traffic Signals",Expert,0.6166666666666667,1.0
P11,23,video-14-segment-4,Random,0.1,0.46875,,85.0,6,"Person with a disability,Elevator,Person,Bench,Retaining Wall,Road Divider",Expert,-0.2833333333333333,0.2677966101694915
P11,24,video-4-segment-3,GPT4V@Shadow,0.3,0.8,0.8,64.0,6,"Tactile Paving,Vegetation,Push button,Person,Water Pipes,Motorcycle",Expert,-0.0833333333333333,0.4305084745762711
P12,1,video-2-segment-1,GPV-1@Shadow,0.2,0.6896551724137931,0.6883116883116883,269.0,9,"Pillar,Tactile Paving,Bicycle,Pole,Elevator,Dog,Person,Sidewalk,Tree",Expert,-0.4124999999999999,0.1627118644067796
P12,2,video-12-segment-4,GPV-1@Shadow,0.8,0.896551724137931,0.896551724137931,209.0,5,"Person,Building,Sidewalk,Person with a disability,Car",Expert,0.1875000000000001,0.6508474576271187
P12,3,video-11-segment-1,Random,0.0,0.4666666666666667,,99.0,8,"Road,White Cane,Bus Stop,Roadside Parking,Counter,Chair,Person,Bus",Expert,-0.6124999999999999,0.0
P12,4,video-3-segment-2,GPV-1@Shadow,0.4,0.6956521739130435,0.6966292134831461,319.0,6,"Vegetation,Puddle,Car,Mail box,Snow,Person with a disability",Expert,-0.2124999999999999,0.3254237288135593
P12,5,video-6-segment-2,GPT4V@Shadow,0.4,0.6041666666666666,0.6037735849056605,127.0,7,"Raised Entryway,White Cane,Person with a disability,Building,Driveway(flat),Train Platform,Stairs",Expert,-0.2124999999999999,0.3254237288135593
P12,6,video-1-segment-5,GPV-1,0.8,0.7387387387387387,,112.0,6,"Curb,Bicycle,Car,Barrier Post,Raised Entryway,Road Divider",Expert,0.1875000000000001,0.6508474576271187
P12,7,video-13-segment-2,GPT4V,0.9,0.8910891089108911,,76.0,7,"Slopped Curb,Person,Person with a disability,Traffic Signals,Escalator,Water Pipes,Car",Expert,0.2875000000000001,0.7322033898305086
P12,8,video-16-segment-3,GPT4V,1.0,0.6837606837606837,,143.0,9,"Bicycle,Gate,Sign,Roadside Parking,Bus,Wet surface,Person,Closed Sidewalk,Building",Expert,0.3875,0.8135593220338984
P12,9,video-3-segment-3,GPT4V@Shadow,0.8,0.7560975609756097,0.7575757575757575,122.0,7,"Stairs,Curb,Trash on roads,Car,Uncontrolled Crossing,Push button,Person with a disability",Expert,0.1875000000000001,0.6508474576271187
P12,10,video-4-segment-3,BLIP,0.8,0.900763358778626,,114.0,6,"Fence,Person,Curb,Sidewalk,Turnstile,Maintenance Vehicle",Expert,0.1875000000000001,0.6508474576271187
P12,11,video-11-segment-1,BLIP@Shadow,0.4,0.7771428571428571,0.7777777777777778,367.0,8,"Push button,Gutter,Building,Curb,Snow,Road Divider,Person,Trash bins",Expert,-0.2124999999999999,0.3254237288135593
P12,12,video-14-segment-1,GPV-1,0.7,0.7236842105263157,,187.0,8,"Vegetation,Person with a disability,Building,Stairs,Barrier Stump,Chair,Railing,Car",Expert,0.0875,0.5694915254237288
P12,13,video-14-segment-4,BLIP@Shadow,0.6,0.5918367346938775,0.5925925925925926,109.0,8,"Slopped Curb,White Cane,Building,Elevator,Trash bins,Barrier Post,Person,Bridge",Expert,-0.0124999999999999,0.488135593220339
P12,14,video-12-segment-4,Random,0.0,0.5217391304347826,,45.0,8,"Sign,Parallel Parking Spot,Car,Mail box,Road Divider,Push button,Person,Road",Expert,-0.6124999999999999,0.0
P12,15,video-4-segment-4,BLIP@Shadow,0.5,0.4444444444444445,0.4444444444444445,113.0,8,"Bus Stop,Railing,Sign,Bus,Barrier Post,Accent Paving,Sidewalk,White Cane",Expert,-0.1124999999999999,0.4067796610169492
P12,16,video-15-segment-3,Ground Truth,0.9,1.0,,110.0,8,"Car,Person with a disability,Puddle,Accent Paving,Water leakage,Fountain,Person,Building",Expert,0.2875000000000001,0.7322033898305086
P12,17,video-4-segment-1,GPT4V@Shadow,0.9,0.8301886792452831,0.8363636363636363,78.0,7,"Railing,Person,Bus Stop,Paratransit vehicle,Barrier Post,Road Shoulder,Bus",Expert,0.2875000000000001,0.7322033898305086
P12,18,video-1-segment-4,BLIP,0.6,0.7486033519553073,,124.0,9,"Gate,Lamp Post,Railing,Road Shoulder,Wheelchair,Chair,Person,Building,Road",Expert,-0.0124999999999999,0.488135593220339
P12,19,video-15-segment-3,GPV-1,0.6,0.7310344827586206,,105.0,8,"Slopped Curb,Gate,Sloped Driveway,Tree,Train Platform,Wheelchair,Person,Car",Expert,-0.0124999999999999,0.488135593220339
P12,20,video-4-segment-4,Ground Truth,0.9,1.0,,71.0,8,"Road,Curb,Lamp Post,Person with a disability,Table,Turnstile,Building,White Cane",Expert,0.2875000000000001,0.7322033898305086
P12,21,video-14-segment-1,GPT4V,0.6,0.8311688311688312,,146.0,9,"Bench,Sidewalk,Stairs,Building,Pillar,Pedestrian Crossing,Person,Car,Vegetation",Expert,-0.0124999999999999,0.488135593220339
P12,22,video-6-segment-2,Ground Truth,0.9,1.0,,85.0,8,"Retaining Wall,Railing,Road,Building,Uneven Stairs,Fire hydrant,Person,White Cane",Expert,0.2875000000000001,0.7322033898305086
P12,23,video-4-segment-3,Random,0.1,0.567741935483871,,56.0,8,"Vegetation,Sidewalk,Pole,White Cane,Accent Paving,Escalator,Person,Road",Expert,-0.5125,0.0813559322033898
P12,24,video-7-segment-2,BLIP,0.9,0.7166666666666668,,59.0,8,"White Cane,Person with a disability,Parallel Parking Spot,Sign,Street Vendor,Bridge,Building,Person",Expert,0.2875000000000001,0.7322033898305086
P13,1,video-4-segment-3,GPV-1@Shadow,0.3,0.7419354838709677,0.7421383647798743,244.0,7,"Person with a disability,Sidewalk,Bicycle,White Cane,Closed Sidewalk,Bus Stop,Pole",Non-Expert,-0.2291666666666666,0.311864406779661
P13,2,video-13-segment-2,GPV-1,0.4,0.6823529411764706,,184.0,6,"Slopped Curb,Person,Person with a disability,Traffic Signals,Escalator,Water Pipes",Non-Expert,-0.1291666666666666,0.3932203389830508
P13,3,video-4-segment-4,GPT4V@Shadow,0.4,0.6818181818181819,0.6823529411764707,117.0,6,"Bus,Person,Stairs,Sloped Driveway,Wet surface,Bridge",Non-Expert,-0.1291666666666666,0.3932203389830508
P13,4,video-11-segment-1,GPV-1@Shadow,0.6,0.6711409395973154,0.6707317073170732,158.0,8,"Uncontrolled Crossing,Pedestrian Crossing,White Cane,Crosswalk,Sloped Driveway,Road Shoulder,Tree,Trash bins",Non-Expert,0.0708333333333333,0.5559322033898305
P13,5,video-14-segment-4,GPT4V@Shadow,0.5,0.5357142857142857,0.5357142857142857,100.0,8,"Bench,White Cane,Pole,Building,Flush Door,Closed Sidewalk,Snow,Bridge",Non-Expert,-0.0291666666666666,0.4745762711864407
P13,6,video-16-segment-3,BLIP,0.7,0.7603305785123967,,117.0,8,"Tree,Trash bins,Building,Barrier Post,Push button,Hose,Closed Sidewalk,Person with a disability",Non-Expert,0.1708333333333332,0.6372881355932203
P13,7,video-1-segment-5,BLIP@Shadow,0.1,0.8163265306122449,0.8163265306122449,51.0,6,"Bicycle,Curb,Gutter,Barrier Post,Trash bins,Flush Door",Non-Expert,-0.4291666666666667,0.1491525423728813
P13,8,video-1-segment-4,Random,0.1,0.5045045045045045,,64.0,7,"Sidewalk,Pole,Car,Person,Uneven Stairs,Sloped Driveway,Gate",Non-Expert,-0.4291666666666667,0.1491525423728813
P13,9,video-15-segment-3,BLIP,0.4,0.7804878048780488,,86.0,7,"Sign,Curb,Sign Post,Fire hydrant,Person,Street Vendor,Car",Non-Expert,-0.1291666666666666,0.3932203389830508
P13,10,video-4-segment-4,Ground Truth,0.7,1.0,,110.0,7,"Railing,Bus Stop,Bench,Sloped Driveway,Gate,Chair,Person with a disability",Non-Expert,0.1708333333333332,0.6372881355932203
P13,11,video-1-segment-4,GPT4V,0.4,0.6868686868686867,,316.0,9,"Pole,Person,Crosswalk,Pedestrian Crossing,Barrier Post,Snow,Person with a disability,Car,Sign",Non-Expert,-0.1291666666666666,0.3932203389830508
P13,12,video-6-segment-2,BLIP@Shadow,0.1,0.4895104895104895,0.4892703862660944,135.0,11,"White Cane,Sidewalk,Person with a disability,Pillar,Pole,Escalator,Stairs,Uneven Stairs,Tree,Snow,Roadside Parking",Non-Expert,-0.4291666666666667,0.1491525423728813
P13,13,video-2-segment-1,GPV-1,0.4,0.6176470588235294,,209.0,12,"Pedestrian Crossing,Building,Motorcycle,Sidewalk,Table,Bus,Person with a disability,Bench,Bridge,Snow,Car,Chair",Non-Expert,-0.1291666666666666,0.3932203389830508
P13,14,video-11-segment-1,GPT4V@Shadow,0.5,0.7058823529411765,0.7044025157232704,292.0,9,"Person with a disability,Trash bins,Person,Tree,Bus,Bridge,Snow,Dog,Bus Stop",Non-Expert,-0.0291666666666666,0.4745762711864407
P13,15,video-12-segment-4,BLIP,0.6,0.8099173553719009,,204.0,15,"Car,Mail box,Sign Post,Sidewalk,Bicycle,Water leakage,Pedestrian Crossing,Tree,Person with a disability,Bridge,Snow,Train Tracks,Trash bins,Traffic Signals,Building",Non-Expert,0.0708333333333333,0.5559322033898305
P13,16,video-4-segment-1,BLIP@Shadow,0.7,0.6989247311827956,0.6986899563318777,307.0,16,"Building,Fence,Bench,Car,Stairs,Water Pipes,Person,Person with a disability,Bus,Bus Stop,Bicycle,Tree,Train Platform,Barrier Post,Snow,Pole",Non-Expert,0.1708333333333332,0.6372881355932203
P13,17,video-15-segment-3,GPV-1,0.6,0.5496183206106869,,279.0,11,"Sign,Tree,Vegetation,Car,Pedestrian Crossing,Road Divider,Wheelchair,Bicycle,Snow,Person with a disability,Trash bins",Non-Expert,0.0708333333333333,0.5559322033898305
P13,18,video-3-segment-3,Random,0.4,0.5419354838709677,,184.0,10,"Building,Curb,Wall,Parallel Parking Spot,Table,Road Divider,Person with a disability,Car,Crosswalk,Bicycle",Non-Expert,-0.1291666666666666,0.3932203389830508
P13,19,video-4-segment-1,Random,0.4,0.3505154639175257,,131.0,10,"Paratransit vehicle,Curb,Sidewalk,Bus,Push button,Tactile Paving,Barrier Post,Bridge,Fire hydrant,Table",Non-Expert,-0.1291666666666666,0.3932203389830508
P13,20,video-7-segment-2,Ground Truth,0.9,1.0,,134.0,10,"Pole,Sign,Person with a disability,Car,Lamp Post,Stairs,Tree,Snow,Trash bins,Fence",Non-Expert,0.3708333333333333,0.8
P13,21,video-2-segment-1,GPT4V,1.0,0.7076923076923076,,185.0,14,"Pillar,Accent Paving,Barrier Post,Slopped Curb,Train Platform,Sloped Driveway,Person with a disability,Person,Car,Tree,Pole,Bridge,Road Shoulder,Bicycle",Non-Expert,0.4708333333333333,0.8813559322033899
P13,22,video-14-segment-1,Ground Truth,1.0,1.0,,174.0,13,"Bench,White Cane,Car,Railing,Counter,Parallel Parking Spot,Fence,Roadside Parking,Snow,Wet surface,Person with a disability,Stairs,Flush Door",Non-Expert,0.4708333333333333,0.8813559322033899
P13,23,video-14-segment-4,GPT4V,0.6,0.8108108108108109,,135.0,10,"Building,Gate,Fence,Sidewalk,Motorcycle,Uneven Stairs,Person with a disability,Person,Closed Sidewalk,Tree",Non-Expert,0.0708333333333333,0.5559322033898305
P13,24,video-7-segment-2,GPV-1@Shadow,0.9,0.6666666666666666,0.6666666666666666,64.0,8,"Accent Paving,Parallel Parking Spot,Roadside Parking,Pole,Gutter,Pillar,Person with a disability,Tree",Non-Expert,0.3708333333333333,0.8
P14,1,video-3-segment-2,GPT4V@Shadow,0.7,0.9172932330827068,0.9171974522292992,169.0,8,"Barrier Post,Car,Person with a disability,Pillar,Bench,Bridge,Driveway(flat),Fountain",Expert,0.2937499999999999,0.7372881355932204
P14,2,video-6-segment-2,Ground Truth,0.6,1.0,,109.0,9,"Building,Closed Sidewalk,Motorcycle,Person with a disability,Pillar,Stairs,Bench,Gutter,Sign",Expert,0.1937499999999999,0.6559322033898305
P14,3,video-15-segment-3,BLIP@Shadow,0.6,0.8279569892473119,0.8262910798122065,148.0,10,"Building,Car,Foldout Sign,Person with a disability,Tactile Paving,Trash bins,Bicycle,Driveway(flat),Water Pipes,White Cane",Expert,0.1937499999999999,0.6559322033898305
P14,4,video-11-segment-1,BLIP,0.5,0.7706422018348623,,266.0,7,"Person with a disability,Roadside Parking,Trash bins,Foldout Sign,Gutter,Road,Sidewalk",Expert,0.09375,0.5745762711864407
P14,5,video-4-segment-4,Ground Truth,0.5,1.0,,134.0,10,"Barrier Post,Barrier Stump,Person with a disability,Road,Road Shoulder,Water Pipes,Crosswalk,Foldout Sign,Sign,Stop sign",Expert,0.09375,0.5745762711864407
P14,6,video-1-segment-5,GPT4V@Shadow,0.4,0.7835051546391751,0.7814569536423841,103.0,8,"Bench,Bicycle,Driveway(flat),Motorcycle,Person with a disability,Bridge,Car,Wall",Expert,-0.0062499999999999,0.4932203389830508
P14,7,video-14-segment-1,GPT4V,0.3,0.8354430379746836,,98.0,8,"Bridge,Car,Person with a disability,Railing,Stairs,Vegetation,Maintenance Vehicle,Person with a disability",Expert,-0.10625,0.4118644067796609
P14,8,video-13-segment-2,GPV-1,0.3,0.6363636363636364,,118.0,9,"Elevator,Parallel Parking Spot,Pedestrian Crossing,Person with a disability,Slopped Curb,Traffic Signals,White Cane,Stairs,Unpaved Sidewalk",Expert,-0.10625,0.4118644067796609
P14,9,video-2-segment-1,BLIP,0.5,0.8526315789473684,,109.0,9,"Car,Person,Road,Roadside Parking,Stairs,Vegetation,Barrier Stump,Dog,Escalator",Expert,0.09375,0.5745762711864407
P14,10,video-4-segment-3,Random,0.4,0.5777777777777777,,108.0,10,"Bench,Bridge,Person with a disability,Pillar,Road Shoulder,White Cane,Bus Stop,Pedestrian Crossing,Road Divider,Wheelchair",Expert,-0.0062499999999999,0.4932203389830508
P14,11,video-3-segment-3,GPV-1,0.6,0.5864661654135338,,126.0,9,"Barrier Post,Bicycle,Car,Road Shoulder,Trash bins,Tree,Unpaved Sidewalk,Wall,Motorcycle",Expert,0.1937499999999999,0.6559322033898305
P14,12,video-13-segment-2,GPV-1@Shadow,0.2,0.6211180124223602,0.6220095693779905,87.0,9,"Accent Paving,Car,Curb,Lamp Post,Traffic Signals,Wet surface,White Cane,Curb,Road Shoulder",Expert,-0.20625,0.3305084745762712
P14,13,video-3-segment-3,Random,0.0,0.598639455782313,,73.0,8,"Car,Pillar,Sign,Tree,Barrier Stump,Foldout Sign,Gutter,Retaining Wall",Expert,-0.40625,0.1677966101694915
P14,14,video-4-segment-4,GPT4V,0.5,0.8949771689497716,,92.0,12,"Barrier Post,Person,Person with a disability,Road,Road Shoulder,Tree,Water Pipes,White Cane,Crosswalk,Foldout Sign,Sign,Stop sign",Expert,0.09375,0.5745762711864407
P14,15,video-14-segment-1,BLIP@Shadow,0.4,0.7428571428571428,0.7422680412371134,149.0,9,"Bench,Bicycle,Building,Car,Elevator,Stairs,Bicycle,Roadside Parking,Unpaved Road",Expert,-0.0062499999999999,0.4932203389830508
P14,16,video-1-segment-5,GPV-1@Shadow,0.0,0.7323943661971831,0.731958762886598,147.0,10,"Bench,Bicycle,Car,Curb,Dog,Motorcycle,Road Shoulder,Car,Trash on roads,Uncontrolled Crossing",Expert,-0.40625,0.1677966101694915
P15,1,video-11-segment-1,BLIP@Shadow,0.7,0.6428571428571428,0.6444444444444445,511.0,9,"Car,Crosswalk,Person,Trash on roads,Uncontrolled Crossing,Unpaved Road,Vegetation,Snow,Turnstile",Expert,0.0866666666666665,0.5688135593220338
P15,2,video-13-segment-2,BLIP,0.5,0.4742268041237113,,451.0,9,"Car,Motorcycle,Person with a disability,Road Divider,Slopped Curb,Tactile Paving,Vegetation,Yard Waste,Turnstile",Expert,-0.1133333333333334,0.4061016949152541
P15,3,video-1-segment-4,Ground Truth,1.0,1.0,,311.0,13,"Bicycle,Car,Closed Sidewalk,Gate,Person,Person with a disability,Road,Roadside Parking,Sidewalk,Stairs,White Cane,Counter,Snow",Expert,0.3866666666666666,0.8128813559322033
P15,4,video-4-segment-4,GPV-1,0.4,0.5142857142857142,,273.0,9,"Foldout Sign,Person,Puddle,Sidewalk,Sign,Tree,White Cane,Car,Snow",Expert,-0.2133333333333333,0.3247457627118643
P15,5,video-6-segment-2,Random,0.4,0.4370860927152318,,300.0,11,"Barrier Stump,Curb,Escalator,Person,Retaining Wall,Road,Stairs,White Cane,Car,Snow,Stop sign",Expert,-0.2133333333333333,0.3247457627118643
P15,6,video-4-segment-3,GPT4V,0.9,0.7591240875912408,,326.0,10,"Car,Curb,Gutter,Person,Pole,Road Shoulder,Slopped Curb,White Cane,Snow,Turnstile",Expert,0.2866666666666666,0.7315254237288136
P15,7,video-16-segment-3,GPV-1@Shadow,0.4,0.7563025210084033,0.5319148936170213,281.0,9,"Fire hydrant,Lamp Post,Person,Road Shoulder,Sign Post,Stairs,Trash bins,White Cane,Sidewalk pits",Expert,-0.2133333333333333,0.3247457627118643
P15,8,video-11-segment-1,GPV-1,0.6,0.6547085201793722,,86522.0,11,"Car,Person,Pole,Push button,Trash bins,Uneven Stairs,Wall,Water Pipes,White Cane,Snow,Turnstile",Expert,-0.0133333333333334,0.487457627118644
P15,9,video-2-segment-1,GPT4V,0.9,0.8461538461538463,,264.0,11,"Barrier Post,Car,Curb,Pedestrian Crossing,Person,Sidewalk pits,Trash on roads,Tree,Snow,Turnstile,White Cane",Expert,0.2866666666666666,0.7315254237288136
P15,10,video-4-segment-1,BLIP@Shadow,0.7,0.7539267015706806,0.7543859649122806,229.0,11,"Bench,Curb,Fence,Foldout Sign,Person,Person with a disability,Sloped Driveway,Slopped Curb,Trash on roads,Car,Stop sign",Expert,0.0866666666666665,0.5688135593220338
P15,11,video-3-segment-2,Random,0.4,0.5,,171.0,11,"Car,Curb,Fence,Person,Pole,Retaining Wall,Sloped Driveway,Slopped Curb,White Cane,Counter,Snow",Expert,-0.2133333333333333,0.3247457627118643
P15,12,video-14-segment-4,Ground Truth,0.7,1.0,,233.0,13,"Fence,Lamp Post,Person,Person with a disability,Puddle,Sidewalk,Sign,Slopped Curb,Tactile Paving,Wall,Car,Counter,Snow",Expert,0.0866666666666665,0.5688135593220338
P15,13,video-7-segment-2,GPT4V@Shadow,0.7,0.8173913043478261,0.8152866242038217,186.0,9,"Counter,Person,Road,Tactile Paving,Vegetation,Wall,Water Pipes,White Cane,Turnstile",Expert,0.0866666666666665,0.5688135593220338
P15,14,video-16-segment-3,BLIP,0.6,0.7666666666666666,,152.0,10,"Bench,Closed Sidewalk,Lamp Post,Person,Pole,Traffic Signals,Tree,Turnstile,Snow,Turnstile",Expert,-0.0133333333333334,0.487457627118644
P15,15,video-1-segment-4,GPV-1@Shadow,0.3,0.5389221556886227,0.5388127853881278,136.0,10,"Bicycle,Car,Fence,Person,Person with a disability,Puddle,Retaining Wall,Wall,White Cane,Snow",Expert,-0.3133333333333334,0.2433898305084745
